SL No.,Tender/RFQ ID,Tender Description,Reference No.,Department,Opening Date,Closing Date,Time left (DD:HH:MM),Portal,State,Matched Keywords,URL
1,947638,947638 - Procurement of AMC for CCTV Surveillance Infrastructure installed at Police Stations in Andhra Pradesh,821845,Andhra Pradesh,,2026-06-29,05:04:32,Andhra Pradesh eProcurement,Andhra Pradesh,Security Equipment,https://tender.apeprocurement.gov.in/login.html
2,307583,TENDER NO.: GMRC/AMC-CCTV/PH-I/2026 - Gujarat Metro Rail Corporation (GMRC) Ltd.-Urban Development & Urban Housing Development-GMRC Limited Commercial Department,TENDER NO.: GMRC/AMC-CCTV/PH-I/2026,Gujarat Metro Rail Corporation (GMRC) Ltd.-Urban Development & Urban Housing Development-GMRC Limited Commercial Department,,2026-06-30,06:04:32,nProcure,Gujarat,Security Equipment,https://tender.nprocure.com/dashboard/getTenderClosingData
3,301636,MGVCL/IT/2025-26/100035/CCTV-SDO - Madhya Gujarat Vij Company Limited-Energy And Petrochemicals Department-CE PROJECT - VADODARA,MGVCL/IT/2025-26/100035/CCTV-SDO,Madhya Gujarat Vij Company Limited-Energy And Petrochemicals Department-CE PROJECT - VADODARA,,2026-06-29,05:04:32,nProcure,Gujarat,Security Equipment,https://tender.nprocure.com/dashboard/getTenderClosingData
4,304481,GNFC/HO/CCTV/2026-27/001 - (n)Code Solutions - A Div.Of GNFC Ltd-IT Division-IT Division,GNFC/HO/CCTV/2026-27/001,(n)Code Solutions - A Div.Of GNFC Ltd-IT Division-IT Division,,2026-06-29,05:04:32,nProcure,Gujarat,Security Equipment,https://tender.nprocure.com/dashboard/getTenderClosingData
5,GEM/2026/B/7671327,GEM/2026/B/7671327 - Fibre optic-based perimeter intrusion detection system,GEM/2026/B/7671327,Ministry of Power,,2026-07-07,13:04:32,GeM,National,Intrusion Detection,https://bidplus.gem.gov.in/showbidDocument/9476164
6,GEM/2026/B/7515902,GEM/2026/B/7515902 - Perimeter Intrusion Detection System,GEM/2026/B/7515902,Ministry of Defence,,2026-07-04,10:04:32,GeM,National,Intrusion Detection,https://bidplus.gem.gov.in/showbidDocument/9302576
7,GEM/2026/B/7624620,"GEM/2026/B/7624620 - PTZ CAMERA 2 MP 25X STQC APPROVED,BULLET CAMERA 5 MP 60 MTR,DOME CAMERA 5 MP 30 MTR,OFC SW 6 CORE,C",GEM/2026/B/7624620,Ministry of Defence,,2026-07-03,09:04:32,GeM,National,"PTZ Camera, Optical Camera",https://bidplus.gem.gov.in/showbidDocument/9423781
8,GEM/2026/B/7642043,GEM/2026/B/7642043 - Intrusion Alarm Sys,GEM/2026/B/7642043,Ministry of Defence,,2026-06-27,03:04:32,GeM,National,Intrusion Detection,https://bidplus.gem.gov.in/showbidDocument/9443401
9,GEM/2026/B/7568232,"GEM/2026/B/7568232 - AMC of Integrated Security and Surveillance System - Theft Prevention, Remote Video Monitoring, Fac",GEM/2026/B/7568232,Ministry of Defence,,2026-06-27,03:04:32,GeM,National,Surveillance Equipment,https://bidplus.gem.gov.in/showbidDocument/9360734
10,GEM/2026/B/7670533,GEM/2026/B/7670533 - AMC of Integrated Security and Surveillance System - Outdoor Perimeter Security; Comprehensive; Har,GEM/2026/B/7670533,Ministry of Defence,,2026-06-26,02:04:32,GeM,National,"Perimeter Security, Surveillance Equipment",https://bidplus.gem.gov.in/showbidDocument/9475297
11,GEM/2026/B/7632374,"GEM/2026/B/7632374 - INTEGRATED SECURITY SURVEILLANCE SYSTEM SERVICE - Remote Video Monitoring, Outdoor Perimeter Securi",GEM/2026/B/7632374,Home Department Odisha,,2026-06-25,01:04:32,GeM,National,Surveillance Equipment,https://bidplus.gem.gov.in/showbidDocument/9432426
12,GEM/2026/B/7460881,"GEM/2026/B/7460881 - AMC of Integrated Security and Surveillance System - Theft Prevention, Monitor Operations, Parking ",GEM/2026/B/7460881,Ministry of Defence,,2026-06-25,01:04:32,GeM,National,Surveillance Equipment,https://bidplus.gem.gov.in/showbidDocument/9241515
13,GEM/2026/B/7632469,GEM/2026/B/7632469 - Supply of Precast Cement Concrete Posts for Perimeter Security Work,GEM/2026/B/7632469,Forest Department Rajasthan,,2026-06-24,00:04:32,GeM,National,Perimeter Security,https://bidplus.gem.gov.in/showbidDocument/9432527
14,GEM/2026/B/7563413,GEM/2026/B/7563413 - TI/ IR NIGHT VISION DEVICE INCLUDING BINOCULARS AND CAMERAS,GEM/2026/B/7563413,Ministry of Defence,,2026-07-10,16:04:32,GeM,National,"Night Vision Device, Binoculars, Optical Camera",https://bidplus.gem.gov.in/showbidDocument/9355334
15,GEM/2026/R/685650,GEM/2026/R/685650 - Ballistic Helmets,GEM/2026/R/685650,Ministry of Defence,,2026-06-24,00:04:32,GeM,National,Ballistic Helmet,https://bidplus.gem.gov.in/showbidDocument/9500729
16,GEM/2026/B/7655141,GEM/2026/B/7655141 - Bullet Proof Guard Room,GEM/2026/B/7655141,Ministry of Defence,,2026-06-25,01:04:32,GeM,National,Bullet Proof,https://bidplus.gem.gov.in/showbidDocument/9457845
17,GEM/2026/B/7618600,"GEM/2026/B/7618600 - CP PLUS 32 Channel NVR,WB HD 10TB,2 MP Bullet Camera CP Plus,D-Link POE 16 port switch,D-Link 305-m",GEM/2026/B/7618600,Ministry of Education,,2026-06-24,00:04:32,GeM,National,Optical Camera,https://bidplus.gem.gov.in/showbidDocument/9417116
18,GEM/2026/B/7648724,"GEM/2026/B/7648724 - INDOOR 4 MP IR FIXED DOME IP CAMERA WITH POE,OUTDOOR 4 MP IR FIXED BULLET IP CAMERA WITH POE,16 CHA",GEM/2026/B/7648724,Ministry of Civil Aviation,,2026-06-24,00:04:32,GeM,National,Optical Camera,https://bidplus.gem.gov.in/showbidDocument/9450718
19,GEM/2026/B/7544859,GEM/2026/B/7544859 - Bullet Proof Light Vehicle,GEM/2026/B/7544859,Ministry of Defence,,2026-06-24,00:04:32,GeM,National,Bullet Proof,https://bidplus.gem.gov.in/showbidDocument/9334562
20,GEM/2026/B/7679939,"GEM/2026/B/7679939 - SODIUM LAURYL SULPHATE, CAS# 151-21-3,ETHYLENE DIAMINE TETRA ACETIC ACID",GEM/2026/B/7679939,Ministry of Steel,,2026-06-30,06:04:32,GeM,National,TETRA,https://bidplus.gem.gov.in/showbidDocument/9485668
21,GEM/2026/B/7507367,GEM/2026/B/7507367 - Dslr / Compact / Handheld Camcorder Or Video Cameras (V2),GEM/2026/B/7507367,Ministry of Power,,2026-06-25,01:04:32,GeM,National,Optical Camera,https://bidplus.gem.gov.in/showbidDocument/9293222
22,GEM/2026/B/7571189,GEM/2026/B/7571189 - Dristi- Anti Drone Sight Sys,GEM/2026/B/7571189,Ministry of Defence,,2026-06-24,00:04:32,GeM,National,Anti-Drone,https://bidplus.gem.gov.in/showbidDocument/9364008
23,GEM/2026/B/7633835,"GEM/2026/B/7633835 - Camera for CCTV System (V3),Video Recorder for CCTV System (V2),Video Recorder for CCTV System (V2)",GEM/2026/B/7633835,Panchayats and Rural Housing Department Gujarat,,2026-06-24,00:04:32,GeM,National,Security Equipment,https://bidplus.gem.gov.in/showbidDocument/9434072
24,GEM/2026/R/685911,"GEM/2026/R/685911 - Video Recorder for CCTV System (V2),Ethernet Cables",GEM/2026/R/685911,Panchayats and Rural Housing Department Gujarat,,2026-06-24,00:04:32,GeM,National,Security Equipment,https://bidplus.gem.gov.in/showbidDocument/9502375
25,GEM/2026/B/7501602,GEM/2026/B/7501602 - INTEGRATED SECURITY SURVEILLANCE SYSTEM SERVICE - As Per RFP; As Per RFP; As Per RFP; As Per RFP; N,GEM/2026/B/7501602,Information Technology and Electronics Department Uttar Pradesh,,2026-06-24,00:04:32,GeM,National,Surveillance Equipment,https://bidplus.gem.gov.in/showbidDocument/9286889
26,GEM/2026/B/7618215,"GEM/2026/B/7618215 - AMC of Integrated Security and Surveillance System - Theft Prevention, Remote Video Monitoring, Fac",GEM/2026/B/7618215,Medical Education Department Uttar Pradesh,,2026-06-24,00:04:32,GeM,National,Surveillance Equipment,https://bidplus.gem.gov.in/showbidDocument/9416696
27,GEM/2026/R/686047,GEM/2026/R/686047 - AMC of Integrated Security and Surveillance System - Health Monitoring Solution for CCTV System; Co,GEM/2026/R/686047,Ministry of Defence,,2026-06-24,00:04:32,GeM,National,"Security Equipment, Surveillance Equipment",https://bidplus.gem.gov.in/showbidDocument/9503388
28,GEM/2026/B/7620766,"GEM/2026/B/7620766 - PTZ Camera 4MP 180 Mtr,PTZ Installation,Optical Fiber Cable,Fiber Patch Cord,Splicing of OFC,Media ",GEM/2026/B/7620766,Ministry of Defence,,2026-06-25,01:04:32,GeM,National,PTZ Camera,https://bidplus.gem.gov.in/showbidDocument/9419548
29,GEM/2026/B/7517805,GEM/2026/B/7517805 - Dslr / Compact / Handheld Camcorder Or Video Cameras (V2),GEM/2026/B/7517805,Ministry of Defence,,2026-06-24,00:04:32,GeM,National,Optical Camera,https://bidplus.gem.gov.in/showbidDocument/9304683
30,GEM/2026/B/7577514,GEM/2026/B/7577514 - Anti Drone Cope Cages for Armoured Fighting Vehicles,GEM/2026/B/7577514,Ministry of Defence,,2026-06-24,00:04:32,GeM,National,Anti-Drone,https://bidplus.gem.gov.in/showbidDocument/9371029
31,GEM/2026/R/685644,GEM/2026/R/685644 - Anti Drone Jammer With Detector,GEM/2026/R/685644,Ministry of Defence,,2026-06-24,00:04:32,GeM,National,"Counter UAV, Anti-Drone",https://bidplus.gem.gov.in/showbidDocument/9500703
32,GEM/2026/R/685819,GEM/2026/R/685819 - Camera for CCTV System (V3),GEM/2026/R/685819,Ministry of Defence,,2026-06-24,00:04:32,GeM,National,Security Equipment,https://bidplus.gem.gov.in/showbidDocument/9501563
33,GEM/2026/B/7662473,"GEM/2026/B/7662473 - Repair, Replacement and Sevice of CCTV Cameras, 16 CH DVR/NVR and its accessories",GEM/2026/B/7662473,Ministry of Defence,,2026-06-23,Closed,GeM,National,"Security Equipment, Optical Camera",https://bidplus.gem.gov.in/showbidDocument/9465996
34,GEM/2026/B/7635901,GEM/2026/B/7635901 - Security Surveillance & Access Control System,GEM/2026/B/7635901,Ministry of Defence,,2026-06-24,00:04:32,GeM,National,Security Equipment,https://bidplus.gem.gov.in/showbidDocument/9436518
35,GEM/2026/B/7599751,GEM/2026/B/7599751 - AMC of Integrated Security and Surveillance System - Comprehensive Maintenance Contract for CCTV Su,GEM/2026/B/7599751,Ministry of Home Affairs,,2026-06-24,00:04:32,GeM,National,"Security Equipment, Surveillance Equipment",https://bidplus.gem.gov.in/showbidDocument/9396045
36,GEM/2026/B/7615411,GEM/2026/B/7615411 - AMC of Integrated Security and Surveillance System - Remote Video Monitoring; Comprehensive; As per,GEM/2026/B/7615411,Ministry of Consumer Affairs Food and Public Distribution,,2026-06-24,00:04:32,GeM,National,Surveillance Equipment,https://bidplus.gem.gov.in/showbidDocument/9413645
37,GEM/2026/B/7565461,"GEM/2026/B/7565461 - Bullet Camera,PTZ Camera,OFC 24 Core FRP Armoured,Electrical Cable 2 Core power CU Cable 4 SQMM,CAT",GEM/2026/B/7565461,Ministry of Home Affairs,,2026-06-25,01:04:32,GeM,National,"PTZ Camera, Optical Camera",https://bidplus.gem.gov.in/showbidDocument/9357605
38,GEM/2026/B/7583333,GEM/2026/B/7583333 - thermal imager,GEM/2026/B/7583333,Ministry of Power,,2026-06-24,00:04:32,GeM,National,Thermal Imager,https://bidplus.gem.gov.in/showbidDocument/9377671
39,GEM/2026/B/7661195,"GEM/2026/B/7661195 - Body Camera,Helmet Strap,Magnetic Clip,Memory Card,Carrying Case,Dock,Voltage Stabilizer,Chest Clip",GEM/2026/B/7661195,Ministry of Defence,,2026-06-23,Closed,GeM,National,Body Worn Camera,https://bidplus.gem.gov.in/showbidDocument/9464559
40,2026_MPP_508476_1,Supply Installation Commissioning and Maintenance of CCTV camera in three cities Mauganj Maihar Pandhurna,D-8519/26 Date 18/05/2026,MP Police | Telecommunication BHOPAL - MPP,2026-06-24,2026-06-23,Closed,MP Tenders,Madhya Pradesh,Security Equipment,https://mptenders.gov.in/nicgep/app
41,GEM/2026/B/7671407,GEM/2026/B/7671407 - Customized AMC/CMC for Pre-owned Products - Providing UHF Radio Airtime Services for 50 Units Handh,GEM/2026/B/7671407,Ministry of Petroleum and Natural Gas,,2026-06-23,Closed,GeM,National,Handheld Radio,https://bidplus.gem.gov.in/showbidDocument/9476245
42,GEM/2026/B/7658595,GEM/2026/B/7658595 - Camera for CCTV System (V3),GEM/2026/B/7658595,Ministry of Science and Technology,,2026-06-23,Closed,GeM,National,Security Equipment,https://bidplus.gem.gov.in/showbidDocument/9461638
43,GEM/2026/B/7599358,"GEM/2026/B/7599358 - 1 Tb Hard Disk,CCTV cage protection box,PVC POE Switch,6 x 6 PBC Box,RJ 456 Connector,POE Switch 4 ",GEM/2026/B/7599358,Ministry of Defence,,2026-06-23,Closed,GeM,National,Security Equipment,https://bidplus.gem.gov.in/showbidDocument/9395607
44,GEM/2026/B/7656945,"GEM/2026/B/7656945 - Camera for CCTV System (V3),Video Recorder for CCTV System (V2),Video Recorder for CCTV System (V2)",GEM/2026/B/7656945,Panchayats and Rural Housing Department Gujarat,,2026-06-23,Closed,GeM,National,Security Equipment,https://bidplus.gem.gov.in/showbidDocument/9459838
45,GEM/2026/B/7657501,"GEM/2026/B/7657501 - Camera for CCTV System (V3),Video Recorder for CCTV System (V2),Video Recorder for CCTV System (V2)",GEM/2026/B/7657501,Panchayats and Rural Housing Department Gujarat,,2026-06-23,Closed,GeM,National,Security Equipment,https://bidplus.gem.gov.in/showbidDocument/9460451
46,GEM/2026/B/7657703,"GEM/2026/B/7657703 - Camera for CCTV System (V3),Video Recorder for CCTV System (V2),Optical Fibre Cable for Networking",GEM/2026/B/7657703,Panchayats and Rural Housing Department Gujarat,,2026-06-23,Closed,GeM,National,Security Equipment,https://bidplus.gem.gov.in/showbidDocument/9460674
47,GEM/2026/B/7661851,GEM/2026/B/7661851 - Facility Management Services - LumpSum Based - DISTRICT JAIL LUCKNOW; AMC SERVICES FOR CCTV CAMERAS,GEM/2026/B/7661851,Prisons Administration and Reforms Department Uttar Pradesh,,2026-06-23,Closed,GeM,National,"Security Equipment, Optical Camera",https://bidplus.gem.gov.in/showbidDocument/9465305
48,GEM/2026/B/7662144,GEM/2026/B/7662144 - SUPPLY AND INSTALLATION OF CCTV SURVEILLANCE SYSTEM,GEM/2026/B/7662144,Ministry of Defence,,2026-06-24,00:04:32,GeM,National,"Security Equipment, Surveillance Equipment",https://bidplus.gem.gov.in/showbidDocument/9465630
49,GEM/2026/B/7658243,"GEM/2026/B/7658243 - INTEGRATED SECURITY SURVEILLANCE SYSTEM SERVICE - Theft Prevention, Remote Video Monitoring, Facili",GEM/2026/B/7658243,Urban Development & Housing Department Bihar,,2026-06-23,Closed,GeM,National,Surveillance Equipment,https://bidplus.gem.gov.in/showbidDocument/9461254
50,GEM/2026/B/7658677,"GEM/2026/B/7658677 - AMC of Integrated Security and Surveillance System - Theft Prevention, Remote Video Monitoring, Fac",GEM/2026/B/7658677,Urban Development & Housing Department Bihar,,2026-06-23,Closed,GeM,National,Surveillance Equipment,https://bidplus.gem.gov.in/showbidDocument/9461726
51,GEM/2026/B/7662503,GEM/2026/B/7662503 - Training on CCTV surveillance system,GEM/2026/B/7662503,Ministry of Defence,,2026-06-23,Closed,GeM,National,"Security Equipment, Surveillance Equipment",https://bidplus.gem.gov.in/showbidDocument/9466026
52,GEM/2026/B/7662174,GEM/2026/B/7662174 - INTEGRATED SECURITY SURVEILLANCE SYSTEM SERVICE - As per Scope of Work; As per Scope of Work; As pe,GEM/2026/B/7662174,Panchayats and Rural Housing Department Gujarat,,2026-06-23,Closed,GeM,National,Surveillance Equipment,https://bidplus.gem.gov.in/showbidDocument/9465660
53,GEM/2026/B/7638114,"GEM/2026/B/7638114 - INTEGRATED SECURITY SURVEILLANCE SYSTEM SERVICE - Theft Prevention, Remote Video Monitoring, Facili",GEM/2026/B/7638114,Urban Development Department Uttar Pradesh,,2026-06-23,Closed,GeM,National,Surveillance Equipment,https://bidplus.gem.gov.in/showbidDocument/9439015
54,GEM/2026/B/7636737,"GEM/2026/B/7636737 - AMC of Integrated Security and Surveillance System - CCTV and CWAN , Remote Video Monitoring; Compr",GEM/2026/B/7636737,Education Department Gujarat,,2026-06-23,Closed,GeM,National,"Security Equipment, Surveillance Equipment",https://bidplus.gem.gov.in/showbidDocument/9437486
55,GEM/2026/B/7661702,"GEM/2026/B/7661702 - AMC of Integrated Security and Surveillance System - Theft Prevention, Remote Video Monitoring, Fac",GEM/2026/B/7661702,Ministry of Petroleum and Natural Gas,,2026-06-23,Closed,GeM,National,Surveillance Equipment,https://bidplus.gem.gov.in/showbidDocument/9465132
56,GEM/2026/B/7563320,GEM/2026/B/7563320 - CCTV Surveillance System,GEM/2026/B/7563320,Ministry of Education,,2026-06-23,Closed,GeM,National,"Security Equipment, Surveillance Equipment",https://bidplus.gem.gov.in/showbidDocument/9355223
57,GEM/2026/R/686297,"GEM/2026/R/686297 - CCTV Camera PTZ 25X, 5 MP,20 ft 4 inch pole for PTZ Camera with L Bracket,POE Switch 4 port Giga un",GEM/2026/R/686297,Ministry of Defence,,2026-06-24,00:04:32,GeM,National,"PTZ Camera, Security Equipment",https://bidplus.gem.gov.in/showbidDocument/9505539
58,GEM/2026/B/7661227,GEM/2026/B/7661227 - Standalone Wind Mill and Solar Panel for PTZ Camera,GEM/2026/B/7661227,Ministry of Defence,,2026-06-24,00:04:32,GeM,National,PTZ Camera,https://bidplus.gem.gov.in/showbidDocument/9464596
59,GEM/2026/B/7613459,"GEM/2026/B/7613459 - PTZ Camera Video Conference Camera,Wired Chairman Unit Microphone,Wired Delegate Units Microphone,D",GEM/2026/B/7613459,Ministry of Civil Aviation,,2026-06-24,00:04:32,GeM,National,PTZ Camera,https://bidplus.gem.gov.in/showbidDocument/9411517
60,GEM/2026/B/7614415,"GEM/2026/B/7614415 - PTZ Camera 2 mp 32 into 180 mtr,Cat 6 Cable 305 Mtr,Media Convertor,Patch Cord,POE Switch,Junction ",GEM/2026/B/7614415,Ministry of Defence,,2026-06-24,00:04:32,GeM,National,PTZ Camera,https://bidplus.gem.gov.in/showbidDocument/9412556
61,GEM/2026/B/7596910,"GEM/2026/B/7596910 - IP Based CCTV Camera,POE Switch,Roll Out Door Cat Six Cable,RJ 45 Connector,2 Core electric Cable 2",GEM/2026/B/7596910,Ministry of Defence,,2026-06-23,Closed,GeM,National,Security Equipment,https://bidplus.gem.gov.in/showbidDocument/9392782
62,GEM/2026/B/7662408,GEM/2026/B/7662408 - Training on operation of PTZ series cameras,GEM/2026/B/7662408,Ministry of Defence,,2026-06-23,Closed,GeM,National,Optical Camera,https://bidplus.gem.gov.in/showbidDocument/9465918
63,GEM/2026/B/7662481,GEM/2026/B/7662481 - Training for maintenance and deployment of PTZ series cameras,GEM/2026/B/7662481,Ministry of Defence,,2026-06-23,Closed,GeM,National,Optical Camera,https://bidplus.gem.gov.in/showbidDocument/9466004
64,GEM/2026/B/7697575,"GEM/2026/B/7697575 - CARABINER,HHMD,CORDON LIGHT BTY,ANVD BTY CHARGER,BATTERY WATER,HAMMER 1 KG,WATER BUCKET,CAT 6 UTP C",GEM/2026/B/7697575,Ministry of Defence,,2026-07-02,08:04:32,GeM,National,NVD,https://bidplus.gem.gov.in/showbidDocument/9505536
65,GEM/2026/B/7693197,GEM/2026/B/7693197 - REPAIR OF ANVD FOR INSAS LMG (REPLACEMENT OF 1X CABLE CONNECTOR & REPAIR OF IO EXTERNAL CABLE),GEM/2026/B/7693197,Ministry of Defence,,2026-07-01,07:04:32,GeM,National,NVD,https://bidplus.gem.gov.in/showbidDocument/9500457
66,GEM/2026/B/7425082,"GEM/2026/B/7425082 - Design, Engineering & SITC of CCTV based surveillance monitoring system with night vision facility",GEM/2026/B/7425082,Ministry of Petroleum and Natural Gas,,2026-06-24,00:04:32,GeM,National,Security Equipment,https://bidplus.gem.gov.in/showbidDocument/9201492
67,GEM/2026/B/7602298,"GEM/2026/B/7602298 - NVR 32 chanel,NVR 8 Channel,4MP Ip Camera Night vision colour and audio,Cat 6 Double coated black c",GEM/2026/B/7602298,Ministry of Defence,,2026-06-24,00:04:32,GeM,National,Optical Camera,https://bidplus.gem.gov.in/showbidDocument/9398921
68,709864,709864 - SITC of IP based cameras in Trauma Block,647850,Telangana,,2026-07-15,21:04:32,Telangana Tenders,Telangana,Optical Camera,https://tender.telangana.gov.in/login.html
69,2026_DRDO_911236_1,DAY TO DAY MAINTENANCE OPERATION AND UPKEEP OF ACCESS CONTROL AND OPERATION OF INTERNET PROTOCOL (IP) CCTV AT DRDO BHAWAN NEW DELHI,EMU RND/DRDO BWN/MAINT/CCTV/2026/NIT1,Defence Research and Development Organisation | Directorate of Civil Works and Estates - DRDO | Estate Management Unit(R and D)DRDO Bhawan - DRDO,2026-06-22,2026-06-20,Closed,CPPP,National,Security Equipment,https://eprocure.gov.in/eprocure/app?component=%24DirectLink&page=FrontEndListTendersbyDate&service=direct&session=T&sp=SEgUx3eF75AZgKurTA%2Bx6fQ%3D%3D
70,GEM/2026/B/7604983,GEM/2026/B/7604983 - Dslr / Compact / Handheld Camcorder Or Video Cameras (V2),GEM/2026/B/7604983,Ministry of Defence,,2026-06-20,Closed,GeM,National,Optical Camera,https://bidplus.gem.gov.in/showbidDocument/9401986
71,GEM/2026/B/7645125,GEM/2026/B/7645125 - Dslr / Compact / Handheld Camcorder Or Video Cameras (V2),GEM/2026/B/7645125,Ministry of Defence,,2026-06-20,Closed,GeM,National,Optical Camera,https://bidplus.gem.gov.in/showbidDocument/9446797
72,GEM/2026/B/7563846,GEM/2026/B/7563846 - Dslr / Compact / Handheld Camcorder Or Video Cameras (V2),GEM/2026/B/7563846,Ministry of Defence,,2026-06-20,Closed,GeM,National,Optical Camera,https://bidplus.gem.gov.in/showbidDocument/9355822
73,GEM/2026/B/7670979,GEM/2026/B/7670979 - 7405010036 SET OF MECHANICAL COMPONENT LRF AS PER ANNEX-A,GEM/2026/B/7670979,Ministry of Defence,,2026-07-08,14:04:32,GeM,National,LRF,https://bidplus.gem.gov.in/showbidDocument/9475792
74,GEM/2026/B/7532955,GEM/2026/B/7532955 - EB3050B-180000085016(HAND HELD LASER RANGE FINDER LRF-LH-30 WITH ACCESSORIES),GEM/2026/B/7532955,Ministry of Defence,,2026-07-01,07:04:32,GeM,National,"Laser Range Finder, LRF",https://bidplus.gem.gov.in/showbidDocument/9321571
75,GEM/2026/B/7580604,GEM/2026/B/7580604 - 7401423510 HAARNESS ASSY LRF. AS PER ANNEXURE-H.,GEM/2026/B/7580604,Ministry of Defence,,2026-06-29,05:04:32,GeM,National,LRF,https://bidplus.gem.gov.in/showbidDocument/9374540
76,GEM/2026/B/7580752,GEM/2026/B/7580752 - 7401423510 HAARNESS ASSY LRF. AS PER ANNEXURE-H.,GEM/2026/B/7580752,Ministry of Defence,,2026-06-22,Closed,GeM,National,LRF,https://bidplus.gem.gov.in/showbidDocument/9374724
77,GEM/2026/B/7575028,GEM/2026/B/7575028 - 7440040019 SET OF O-RING LRF. AS PER ANNEXURE-F.,GEM/2026/B/7575028,Ministry of Defence,,2026-06-20,Closed,GeM,National,LRF,https://bidplus.gem.gov.in/showbidDocument/9368251
78,GEM/2026/B/7479697,GEM/2026/B/7479697 - Laser Range Finder,GEM/2026/B/7479697,Ministry of Power,,2026-06-20,Closed,GeM,National,Laser Range Finder,https://bidplus.gem.gov.in/showbidDocument/9262383
79,GEM/2026/B/7592028,GEM/2026/B/7592028 - Laser Range Finder,GEM/2026/B/7592028,Ministry of Defence,,2026-06-20,Closed,GeM,National,Laser Range Finder,https://bidplus.gem.gov.in/showbidDocument/9387292
80,GEM/2026/B/7577467,GEM/2026/B/7577467 - Camera for CCTV System (V3),GEM/2026/B/7577467,PMO,,2026-06-20,Closed,GeM,National,Security Equipment,https://bidplus.gem.gov.in/showbidDocument/9370978
81,GEM/2026/B/7622528,GEM/2026/B/7622528 - Custom Bid for Services - Comprehensive Annual Maintenance Contract (CAMC) for CCTV system at BPCL,GEM/2026/B/7622528,Ministry of Petroleum and Natural Gas,,2026-06-24,00:04:32,GeM,National,Security Equipment,https://bidplus.gem.gov.in/showbidDocument/9421458
82,GEM/2026/B/7554771,"GEM/2026/B/7554771 - 16 TB Suvaillance Hard Disk,Video Recorder for CCTV System (V2)",GEM/2026/B/7554771,Ministry of Home Affairs,,2026-06-20,Closed,GeM,National,Security Equipment,https://bidplus.gem.gov.in/showbidDocument/9345710
83,GEM/2026/B/7642546,"GEM/2026/B/7642546 - Video Recorder for CCTV System (V2),Camera for CCTV System (V3),Cables, Converters and Adapters,Lin",GEM/2026/B/7642546,Local Self Government Department Kerala,,2026-06-20,Closed,GeM,National,Security Equipment,https://bidplus.gem.gov.in/showbidDocument/9443943
84,GEM/2026/B/7590972,"GEM/2026/B/7590972 - Supply of 123 nos of IP based CCTV camera and additional accessories,Installation Testing and Commi",GEM/2026/B/7590972,Ministry of Coal,,2026-06-20,Closed,GeM,National,Security Equipment,https://bidplus.gem.gov.in/showbidDocument/9386127
85,GEM/2026/B/7625736,"GEM/2026/B/7625736 - Camera for CCTV System (V3),Video Recorder for CCTV System (V2),Optical Fibre Cable for Networking",GEM/2026/B/7625736,Panchayats and Rural Housing Department Gujarat,,2026-06-20,Closed,GeM,National,Security Equipment,https://bidplus.gem.gov.in/showbidDocument/9425036
86,GEM/2026/B/7639446,GEM/2026/B/7639446 - AMC OF CCTV CAMERA,GEM/2026/B/7639446,Ministry of Defence,,2026-06-20,Closed,GeM,National,Security Equipment,https://bidplus.gem.gov.in/showbidDocument/9440524
87,GEM/2026/B/7642277,"GEM/2026/B/7642277 - AMC of Integrated Security and Surveillance System - Theft Prevention, Facility/Asset Protection, M",GEM/2026/B/7642277,Police Department Uttarakhand,,2026-06-20,Closed,GeM,National,Surveillance Equipment,https://bidplus.gem.gov.in/showbidDocument/9443653
88,GEM/2026/B/7643623,"GEM/2026/B/7643623 - CCTV Camera,Cat 6 Cable,4 Pair Fiber Cable,Surveillance hard Disk,Double Battery 1KVA Ups",GEM/2026/B/7643623,Ministry of Defence,,2026-06-20,Closed,GeM,National,Security Equipment,https://bidplus.gem.gov.in/showbidDocument/9445133
89,GEM/2026/B/7611603,"GEM/2026/B/7611603 - INTEGRATED SECURITY SURVEILLANCE SYSTEM SERVICE - Theft Prevention, Remote Video Monitoring, Facili",GEM/2026/B/7611603,Health and Family Welfare Department Odisha,,2026-06-20,Closed,GeM,National,Surveillance Equipment,https://bidplus.gem.gov.in/showbidDocument/9409522
90,GEM/2026/B/7636268,GEM/2026/B/7636268 - AMC of Integrated Security and Surveillance System - Surveillance System; Comprehensive; All Survei,GEM/2026/B/7636268,Ministry of Defence,,2026-06-20,Closed,GeM,National,Surveillance Equipment,https://bidplus.gem.gov.in/showbidDocument/9436947
91,GEM/2026/B/7623983,"GEM/2026/B/7623983 - 4 MP VERIFOCAL CAMERA,16 CHANNEL NVR,4 MP BULLET CAMERA,CO BOX,OUTER CAMERA UNIT,1 TB SURVEILLANCE ",GEM/2026/B/7623983,Ministry of Defence,,2026-06-20,Closed,GeM,National,Optical Camera,https://bidplus.gem.gov.in/showbidDocument/9423063
92,GEM/2026/B/7651288,"GEM/2026/B/7651288 - Repair of IP Camera,Repair of PTZ Camera,Repair of NVR,Repair of UPS 2 KVA,Repair of A6 Port Indust",GEM/2026/B/7651288,Ministry of Defence,,2026-06-22,Closed,GeM,National,"PTZ Camera, Optical Camera",https://bidplus.gem.gov.in/showbidDocument/9453564
93,GEM/2026/B/7651050,"GEM/2026/B/7651050 - PTZ Camera,AIO DSP,Celling Speaker,Wireless Mic with Extention,Camera Extention Cable",GEM/2026/B/7651050,Ministry of Defence,,2026-06-22,Closed,GeM,National,PTZ Camera,https://bidplus.gem.gov.in/showbidDocument/9453310
94,GEM/2026/B/7511056,GEM/2026/B/7511056 - CP PLUS 2MP PTZ (1920 X 1080 Pixel) or better Dome Camera,GEM/2026/B/7511056,Ministry of Defence,,2026-06-20,Closed,GeM,National,Optical Camera,https://bidplus.gem.gov.in/showbidDocument/9297247
95,GEM/2026/B/7638295,"GEM/2026/B/7638295 - NVR,PTZ Outdoor Camera,Bullet Camera,8 POE Switch,16 POE Switch,UPS,UTP Cable,OFC Module,OFC Cable ",GEM/2026/B/7638295,Ministry of Defence,,2026-06-20,Closed,GeM,National,Optical Camera,https://bidplus.gem.gov.in/showbidDocument/9439221
96,GEM/2026/R/684080,"GEM/2026/R/684080 - 64 Channel Network Video Recorder,16 Channel POE Switch,8 Channel POE Switch,PTZ Camera Joystick Co",GEM/2026/R/684080,Ministry of Defence,,2026-06-20,Closed,GeM,National,PTZ Camera,https://bidplus.gem.gov.in/showbidDocument/9485829
97,GEM/2026/R/684098,"GEM/2026/R/684098 - 8MP Dual Light Dome IP Camera 30m IR,Outdoor PTZ IP Camera 2MP Full HD 45x Optical Zoom 300m IR IP6",GEM/2026/R/684098,Ministry of Defence,,2026-06-20,Closed,GeM,National,Optical Camera,https://bidplus.gem.gov.in/showbidDocument/9486059
98,GEM/2026/B/7606458,"GEM/2026/B/7606458 - DRONE,PTZ 2MP CCTV CAMERA 1920 X 1080 PIXEL,PTZ CAMERA STANDING POLE,OUTDOOR 2 MP CCTV CAMERA 1920 ",GEM/2026/B/7606458,Ministry of Defence,,2026-06-20,Closed,GeM,National,"PTZ Camera, Security Equipment",https://bidplus.gem.gov.in/showbidDocument/9403707
99,GEM/2026/B/7681200,GEM/2026/B/7681200 - Custom Bid for Services - Repair of ANVD for Insas Rifle (SED00210),GEM/2026/B/7681200,Ministry of Defence,,2026-07-03,09:04:32,GeM,National,NVD,https://bidplus.gem.gov.in/showbidDocument/9487060
100,GEM/2026/B/7674250,"GEM/2026/B/7674250 - CCTV Camera,PTZ Camera,AI Intrusion Detection System,GPU for AI Intrusion Detection System,NVD,Digi",GEM/2026/B/7674250,Ministry of Defence,,2026-07-02,08:04:32,GeM,National,"NVD, PTZ Camera, Intrusion Detection, Security Equipment",https://bidplus.gem.gov.in/showbidDocument/9479391
101,GEM/2026/B/7687090,GEM/2026/B/7687090 - NVD (BINOCULAR),GEM/2026/B/7687090,Ministry of Defence,,2026-06-30,06:04:32,GeM,National,NVD,https://bidplus.gem.gov.in/showbidDocument/9493608
102,GEM/2026/B/7568111,"GEM/2026/B/7568111 - CP Plus Dome CCTV Camera 4MP IP Night Vision IR STQC Certified,CP Plus 32 Channel 4K AI Network vid",GEM/2026/B/7568111,Ministry of Defence,,2026-06-20,Closed,GeM,National,Security Equipment,https://bidplus.gem.gov.in/showbidDocument/9360599
103,GEM/2026/B/7502566,GEM/2026/B/7502566 - Passive Night Vision Binocular as per MHA QR (V2),GEM/2026/B/7502566,Ministry of Defence,,2026-06-20,Closed,GeM,National,Night Vision Device,https://bidplus.gem.gov.in/showbidDocument/9287999
104,GEM/2026/B/7545345,GEM/2026/B/7545345 - 02 X COUNTER DRONE SHOT GUN(C-UAS) ALONG WITH 200 ROUNDS,GEM/2026/B/7545345,Ministry of Defence,,2026-06-20,Closed,GeM,National,Counter UAV,https://bidplus.gem.gov.in/showbidDocument/9335102
105,GEM/2026/B/7501791,GEM/2026/B/7501791 - Thermal Imaging Monocular,GEM/2026/B/7501791,Ministry of Defence,,2026-06-20,Closed,GeM,National,Monocular,https://bidplus.gem.gov.in/showbidDocument/9287115
